title,content,category,predicted_category
"Some on-air claims about Dominion Voting Systems were false, Fox News acknowledges in statement after deal is announced",,Others,Others
Dominion still has pending lawsuits against election deniers such as Rudy Giuliani and Sidney Powell,,Others,Others
Here are the 20 specific Fox broadcasts and tweets Dominion says were defamatory,• foxdominion trial delay unusual judge says • fox news defamation battle isnt stopping trumps election lies,Others,Others
Judge in Fox News-Dominion defamation trial: 'The parties have resolved their case',judge announced court settlement reached historic defamation case fox news dominion voting systems,Others,Others
'Difficult to say with a straight face': Tapper reacts to Fox News' statement on settlement,settlement reached dominion voting systems defamation case fox news judge case announced network pay 787 million dominion lawyer company said,Others,Others
Millions in the US could face massive consequences unless McCarthy can navigate out of a debt trap he set for Biden,• desantis goes washington place despised looking support take trump • opinion gop win must ditch trump • chris christie mulling 2024 white house bid • analysis fire next time begun burning tennessee,Others,Others
White homeowner accused of shooting a Black teen who rang his doorbell turns himself in to face criminal charges,• major part ralph died aunt teen shot ringing wrong doorbell speaks • 20yearold woman shot friend turned wrong driveway upstate new york officials say,Others,Others
Newly released video shows scene of Jeremy Renner's snowplow accident,newly released body camera footage shows firefighters sheriffs deputies rushing help actor jeremy renner nearfatal snowplow accident january avengers actor broke 30 bones suffered severe injuries cnns chloe melas,Others,Others
Jake Gyllenhaal and Jamie Lee Curtis spent the Covid-19 lockdown together,sourdough bread handstands jake gyllenhaal jamie lee curtis,Others,Others
"Toddler crawls through White House fence, prompts Secret Service response",tiny intruder infiltrated white house grounds tuesday prompting swift response us secret service,Others,Others
Jamie Foxx remains hospitalized nearly a week after 'medical complication',jamie foxx remains hospitalized georgia nearly week daughter revealed actor experienced medical complication source knowledge matter told cnn monday,Others,Others
A 13-year-old dies after participating in a Benadryl TikTok 'challenge',13yearold ohio died took bunch benadryl trying dangerous tiktok challenge thats circulating online according cnn affiliate gofundme account family,Others,Others
See pizza delivery guy take out suspect fleeing police,pizza guy delivers pie taking fleeing suspect cnns jeanne moos shows putting best foot forward,Others,Others
Netflix is winding down its DVD business after 25 years,netflix officially winding business helped make household name,Others,Others
FTC chair Lina Khan warns AI could 'turbocharge' fraud and scams,artificial intelligence tools chatgpt could lead turbocharging consumer harms including fraud scams us government substantial authority crack aidriven consumer harms existing law members federal trade commission said tuesday,Others,Others
"Eating too much of these foods is driving the rise in type 2 diabetes, study says",gobbling many refined wheat rice products along eating whole grains fueling growth new cases type 2 diabetes worldwide according new study models data 2018,Others,Others
ADHD medication abuse in schools is a 'wake-up call',middle high schools united states 1 4 teens report theyve abused prescription stimulants attention deficit hyperactivity disorder year prior new study found,Others,Others
Apple CEO was presented with an original Macintosh. See his reaction,ceo tim cook personally welcomed customers new apple store mumbai tech company opens first retail stores india cnns vedika sud reports,Others,Others
Democrats bash Justice Clarence Thomas but their plan to investigate ethics allegations is unclear,senate democrats railed justice clarence thomas tuesday amid reports supreme court conservative failed disclose luxury travel gifts real estate transaction involving gop megadonor plan investigate conservative jurist remains unclear,Others,Others
"Russia is 'going backwards' in equipment and deploying post WWII-era tanks, according to Western officials",• jailed wall street journal reporter evan gershkovich denied detention appeal moscow • putin visits russian troops military headquarters kherson • watch moment wsj journalist appears russian court,Others,Others
Two Russians claiming to be former Wagner commanders admit killing children and civilians in Ukraine,two russian men claim former wagner group commanders told human rights activist killed children civilians time ukraine,Others,Others
'My stomach is hurting from laughing': Hear panelist's reaction to DeSantis' threat to Disney,cnn panelists react florida gov ron desantis floating idea building competing theme park next disney world orlando,Others,Natural Disasters
GOP prepared to block vote to replace Feinstein on Senate Judiciary,senate majority leader chuck schumer said tuesday hopes replace democratic sen dianne feinstein senate judiciary committee sen ben cardin maryland aims set floor vote issue afternoon republicans expected block,Others,Others
Oklahoma governor calls on officials to resign over recording of racist and threatening remarks,,Others,Others
McCarthy slams Biden in handling of US debt,house speaker kevin mccarthy traveled wall street monday deliver fresh warning house gop majority refuse lift cap government borrowing unless biden agrees spending cuts would effectively neutralize domestic agenda,Others,Others
US warns Russia not to touch American nuclear technology at Ukrainian nuclear plant,us sensitive nuclear technology nuclear power plant inside ukraine warning russia touch according letter us department energy sent russias stateowned nuclear energy firm rosatom last month,Others,Others
Repeated gunshots fired on live TV as ex-lawmaker shot by assassins,atiq ahmed former lawmaker indias parliament convicted kidnapping shot dead along brother police escorting medical checkup slaying caught live television saturday cnns vedika sud reports,Others,Others
FDA clears the way for additional bivalent boosters for certain vulnerable individuals,us food drug administration amended terms emergency use authorizations pfizer moderna bivalent vaccines tuesday allowing people ages 65 older certain people weakened immunity get additional doses falls vaccination campaigns,Others,Others
Maine authorities detained a person of interest after 4 people were found dead in a home and 3 others shot while driving,maine authorities detained person interest continue investigate two shooting incidents appear connected left least four people dead three others injured state police said,Others,Others
Southwest says flights resumed after delays caused by 'tech issues',• delta air lines reports record bookings summer travel • air france airbus acquitted trial 2009 plane crash,Others,Others
Damar Hamlin cleared to resume football activities after January cardiac arrest,buffalo bills safety damar hamlin cleared resume football activities said tuesday cardiac arrest nfl game january caused commotio cordis,Others,Others
Pilot makes history after landing on top of a 56-story hotel,polish pilot lukasz czepiela made history landing plane helipad top 56story hotel dubai,Others,Others
Top US Navy admiral defends non-binary sailor amid some Republican criticism,top us navy admiral ardently defended nonbinary sailor tuesday amid criticism republican lawmakers saying particularly proud sailor,Others,Others
Fulton County DA says fake Trump electors are incriminating one another and wants lawyer disqualified,fulton county district attorneys office said fake electors donald trump implicated potential criminal activity seeking disqualify lawyer according new court filing,Others,Others
High speed trains are racing across the world. But not in America,high speed trains proved worth across world past 50 years,Others,Others
Podcast: One country musician is calling for other artists to oppose assault rifles,,Others,Others
Here's what you need to know if you haven't filed your return yet — and even if you have,april 18 official deadline file federal state income tax returns 2022 also apparently national animal crackers day celebrate,Others,Others
"Undocumented immigrants are paying their taxes today, too",surprising fact thats often overlooked immigration debate,Others,Others
Opinion: Why millionaires like us want to pay more in taxes,tuesday tax day america one stressful days year many taxpayers finally end procrastination file federal returns hope refund irs many nations wealthiest another tuesday,Others,Others
'World's longest' purpose-built cycling tunnel opens in Norway,many ways explore seven mountains surround picturesque unesco world heritage city bergen norways fjordstudded west coast newest however might well recordbreaking,Others,Others
Artist rejects photo prize after AI-generated image wins award,german artist rejected award prestigious international photography competition revealing submission generated artificial intelligence ai,Positive/Uplifting,Positive/Uplifting
These ships disappeared in Lake Superior a century ago. Watch as they're found again,great lakes shipwreck historical society found two three ships sank lake superior storm century ago locating one 2021 2022,Natural Disasters,Natural Disasters
Erotic images of seniors show sex and intimacy in new light,intimacy look like seniors theres end sex scenes steamy content featuring young unwrinkled past certain age popular culture largely draws blank — treats sex punchline,Others,Others
"China's economy is off to a solid start, rising 4.5% in Q1 2023",chinas economy solid start 2023 following emergence three years strict pandemic restrictions,Others,Others
"Even when wives make as much as husbands, they still do more at home",• four five us metro areas lowest unemployment florida heres • opinion overlooked problem raising retirement age social security,Others,Others
McDonald's is upgrading its burgers,mcdonalds focusing upgrading core items boost sales rolling series changes designed improve signature burgers,Others,Others
Google-parent stock drops on fears it could lose search market share to AI-powered rivals,shares googleparent alphabet fell 3 early trading monday report sparked concerns core search engine could lose market share aipowered rivals including microsofts bing,Others,Others
Bidets save you money and reduce waste — we tested the best options out there,,Others,Others
50+ products to make your life easier and our planet cleaner,,Others,Others
Mother's Day is around the corner. Here are 50+ thoughtful gifts she'll love,,Others,Others
"A head-to-toe guide of how men should dress this spring, and where they should shop",,Others,Others
42 of the most useful travel products you can buy on Amazon,,Others,Others
The 7 best high-yield savings accounts of April 2023,,Others,Others
Taxes are due tomorrow. Here's how to file for an extension,,Others,Others
Composting is an easy way to reduce food waste. Here's how to do it,,Others,Others
We stopped using aluminum foil for cooking and you should too. Here's what to use instead,,Others,Others
The beloved Dyson Supersonic hair dryer is at its lowest price ever,,Others,Others
"Everything you need to know about Way Day 2023, Wayfair's biggest sale of the year",,Others,Others
The 10 best Amazon deals to shop this week,,Others,Others
Mifepristone saved my life,ruling earlier month texas federal judge suspend us food drug administrations approval drug used frequently medication abortions personal,Others,Others
The 2024 presidential alternative many voters will want,,Others,Others
Why isn't the House Judiciary Committee looking into Thomas?,monday gopcontrolled house judiciary committee — chaired donald trump ally rep jim jordan — set hold field hearing new york city called victims violent crime manhattan statement bills hearing examination judiciary committee says manhattan district attorney alvin braggs policies led increase violent crime dangerous community new york city residents,Others,Others
Top secrets come spilling out,1917 british analysts deciphered coded message german foreign minister sent one countrys diplomats vowing begin unrestricted submarine warfare seeking win mexico promise reconquer lost territory texas new mexico arizona us entered world war became public zimmerman telegram caused sensation helping propel us conflict germany,Others,Others
How did Sudan go from casting off despotic rule to this?,four years ago almost day people sudan celebrating revolution overthrowing longtime dictator omar albashir east african country faces possibility complete collapse similar chaos see today yemen libya,Others,Others
Michelle Yeoh set to return in new 'Star Trek' movie,live long prosper michelle yeoh,Others,Others
Recap: 'Succession' finds dark humor in the aftershocks,shock came aftershocks power vacuum perhaps significantly impressively laughs succession pivoted face life logan roy episode finally put hbo shows title full flower,Positive/Uplifting,Positive/Uplifting
"'Yellowjackets' leans hard into '90s music nostalgia, and we're here for it",many dark gifts showtimes eerie hit series yellowjackets serves us juiciest season far music,Others,Others
Jeremy Renner revisits 'the amazing group of people' who helped him recover from his accident,jeremy renner continuing recovery devastating snowplow accident january recognizing whove helped along way,Others,Others
Review: 'Barry' takes a whack at its farewell season,barry taken chances beginning certainly true fourth final season picks third left hitmanturnedwannabe actor getting arrested paves way even darker season accentuates shows ensemble aspect leaning little heavily blurring lines flights fancy,Others,Others
The 10 most valuable private companies in the world,img classtypeprimaryimage srchttpsikinjaimgcomimageuploadcfitq80w63625ef1a59ba15be1aae51a3f42d5941bdjpg pin startup world ‘ unicorn ’ private company valued 1 billion — ’ status aspiring firms dream achievingppa hrefhttpsqzcomunicornstartupprivatecompanyopenaibytedancespacex1851666550read moreap,Others,Others
15 cities with the most expensive fast food in America,img classtypeprimaryimage srchttpsikinjaimgcomimageuploadcfitq80w6360702fef9394f5e957d721bfdca167df2jpg pinflation classsc1out3640 dpmosf sc145m8ut0 lcffec jslink hrefhttpsqzcomwalmarttargetcostcohomedepotlowesretailinflation1851629124gl1yjrk0gamtiwnzmxndywms4xnze2mtmzmdkzgav4qnjtt5l0mtcynjy5njm4nc4yms4xlje3mjy2otgzmzmunjaumc4w relnoopener noreferrer targetblanktaken bitea economy – ’ also classsc1out3640 dpmosf sc145m8ut0 lcffec jslink hrefhttpsqzcommcdonalds5mealdealpsychologicalsuccess1851648326gl1yjrk0gamtiwnzmxndywms4xnze2mtmzmdkzgav4qnjtt5l0mtcynjy5njm4nc4yms4xlje3mjy2otgzmzmunjaumc4w relnoopener noreferrer targetblankgnawinga america ’ favorite meal burger fries sodabr ppa hrefhttpsqzcomfastfoodpricesmostexpensiveus1851650418read moreap,Positive/Uplifting,Others
"Ozempic and prescription weight loss drugs: How they work, what they cost, side effects, and everything to know",img classtypeprimaryimage srchttpsikinjaimgcomimageuploadcfitq80w63656560acaab1c21d2c98a0b2c623220dfjpg pa highly effective class weight loss drug taken world storm medications like classsc1out3640 dpmosf sc145m8ut0 lcffec jslink hrefhttpsqzcomozempicweightlossdrugnovonordisk1851483167 relnoopener noreferrer targetblankozempica classsc1out3640 dpmosf sc145m8ut0 lcffec jslink hrefhttpsqzcomwegovyweightlossdrugnovonordiskstudy1851476027 relnoopener noreferrer targetblankwegovya classsc1out3640 dpmosf sc145m8ut0 lcffec jslink hrefhttpsqzcomelilillyzepboundfdashortageover1851664423 relnoopener noreferrer targetblankzepbounda become household names drugs originally meant treat diabetes become widely known slimming side effectsbr ppa hrefhttpsqzcomozempicwegovyzepboundweightlossdrugscosteffects1851660134read moreap,Natural Disasters,Natural Disasters
Domino's brings back 'emergency pizza' promotion that drove sales,img classtypeprimaryimage srchttpsikinjaimgcomimageuploadcfitq80w636a7730e3eed3baeb60266658baba7aa18jpg ppizza emergency least domino ’ thinks sobr ppa hrefhttpsqzcomdominoemergencypizzapromosalesdriverretail1851668274read moreap,Others,Others
Can Costco compete online without killing the 'treasure hunt'?,img classtypeprimaryimage srchttpsikinjaimgcomimageuploadcfitq80w6360c672590f6132062d82b310a09a90df7jpg pas classsc1out3640 dpmosf sc145m8ut0 lcffec jslink hrefhttpsqzcomcostcoplatinumbarsgoldandsilverretailconsumers1851663436 relnoopener noreferrer targetblankcostco wholesalea classsc1out3640 dpmosf sc145m8ut0 lcffec jslink hrefhttpsqzcomquotecost relnoopener noreferrer targetblankcosta ventures ecommerce faces daunting task expanding online presence without sacrificing unique “ treasure hunt ” shopping experience defines warehousesbr ppa hrefhttpsqzcomcancostcocompeteonlinewithoutkillingthetreasure1851668136read moreap,Others,Others
Americans are slowing down on their credit card spending — here’s why,img classtypeprimaryimage srchttpsikinjaimgcomimageuploadcfitq80w636daf3ac95f34c35d8c412f3ed0452fc3cjpg p americans slowing classsc1out3640 dpmosf sc145m8ut0 lcffec jslink hrefhttpsqzcomcreditcardsjdpowerrankingspointsmilesfees1851623205 relnoopener noreferrer targetblankcredit carda purchases according classsc1out3640 dpmosf sc145m8ut0 lcffec jslink hrefhttpswwwfederalreservegovreleasesg19current relnoopener noreferrer targetblankrecent data federal reserve ’ consumer credit reportabr ppa hrefhttpsqzcomcreditcardspendingisslowingamongconsumersheres1851667829read moreap,Others,Others
Lyft rolls out new payment measures to gain more drivers,img classtypeprimaryimage srchttpsikinjaimgcomimageuploadcfitq80w636adf17bcc0a24692bb1b102311069f92cjpg pa classsc1out3640 dpmosf sc145m8ut0 lcffec jslink hrefhttpsqzcomlyftlayoffscitibikeebikes1851639456 relnoopener noreferrer targetblanklyfta says plans attract drivers ridehailing platform unveiling new payment measures longerthanestimated rides measures company come lyft classsc1out3640 dpmosf sc145m8ut0 lcffec jslink hrefhttpsqzcomquotelyft relnoopener noreferrer targetblanklyfta looking entice new drivers retain current drivers platformppa hrefhttpsqzcomlyftwillstartchargingridersextraiftheymakedriv1851667604read moreap,Others,Others
"FAANG and data center stocks are a buy to cash in on AI's next phase, strategist says",img classtypeprimaryimage srchttpsikinjaimgcomimageuploadcfitq80w636519c11d1832ea37c102116156c28cd9cjpg ptejas dessai director research global x spoke quartz latest installment “ smart investing ” video seriesppa hrefhttpsqzcomfaangdatacenterstockscashinonaisnextphase1851668061read moreap,Others,Others
Luxury car sales are tanking as drivers look for cheaper options,img classtypeprimaryimage srchttpsikinjaimgcomimageuploadcfitq80w6360bd44e28068f3d7fa06f027fea24f365jpg pafter years buying expensive vehicles looking luxury consumers going allin cheaper — reliable — cars get job done wellbr ppa hrefhttpsqzcomcheapaffordablevehiclesalesgrowluxuryfallprices1851667915read moreap,Others,Others
All the airports closing for Hurricane Milton,img classtypeprimaryimage srchttpsikinjaimgcomimageuploadcfitq80w636fd018ec318da5ddf74be954fe82ce771jpg pas classsc1out3640 dpmosf sc145m8ut0 lcffec jslink hrefhttpswwwnhcnoaagovtextrefreshmiatcpat4shtml081455shtml relnoopener noreferrer targetblankcategory4 hurricane miltona barrels toward florida expected landfall occurring wednesday morning many state ’ heavily trafficked airports shutting operations among classsc1out3640 dpmosf sc145m8ut0 lcffec jslink hrefhttpswwworlandoairportsnetpress20241007hurricanemiltonupdate2orlandointernationaltoceasecommercialoperations8amwednesdayoctober9 relnoopener noreferrer targetblankorlando international airporta classsc1out3640 dpmosf sc145m8ut0 lcffec jslink hrefhttpsnewstampaairportcomtampainternationalairportwillsuspendoperationsearlytuesdayaheadofhurricanemilton relnoopener noreferrer targetblanktampa international airportappa hrefhttpsqzcomhurricanemiltonairportclosuresorlandotampa1851667895read moreap,Natural Disasters,Natural Disasters
"The next Nvidia? Data center stocks could be a goldmine, strategist says",img classtypeprimaryimage srchttpsikinjaimgcomimageuploadcfitq80w636f899b71ce3b54e363dd6b6f293742e77jpg pa hrefhttpsqzcomnextnvidiadatacentercompaniescouldbeagoldmine1851668022read moreap,Others,Others
Home Depot says corporate employees have to try working in actual stores,img classtypeprimaryimage srchttpsikinjaimgcomimageuploadcfitq80w636bb32aba528dff93fc9975bc17aa0e089jpg phome depot classsc1out3640 dpmosf sc145m8ut0 lcffec jslink hrefhttpsqzcomquotehd relnoopener noreferrer targetblankhda wants corporate employees gain insight daily challenges faced instore associates ppa hrefhttpsqzcomhomedepotcorpemployeesworkinstoreshiftretail1851667924read moreap,Others,Others
Look inside Clint Eastwood’s California home that just sold for more than $18 million,img classtypeprimaryimage srchttpsikinjaimgcomimageuploadcfitq80w63658ad1ebaff7c2f6a9f15eb37b91da9c1jpg pacademy awardwinning actor clint eastwood ’ former home carmelbythesea california sold 1855 million going market 21 million earlier yearbr ppa hrefhttpsqzcomclinteastwoodsformerhomesells1855million1851667945read moreap,Positive/Uplifting,Others
WeightWatchers is getting in on the off-brand weight loss drug game — and selling them cheap,img classtypeprimaryimage srchttpsikinjaimgcomimageuploadcfitq80w6363d2827dfea4aa3351f12bbe24f36db57jpg pa classsc1out3640 dpmosf sc145m8ut0 lcffec jslink hrefhttpsqzcomozempicwegovyzepboundweightlossdrugscosteffects1851660134 relnoopener noreferrer targetblankozempic prescription weight loss drugs work cost side effects everything knowabr ppa hrefhttpsqzcomweightwatcherscompoundedsemaglutide1851667926read moreap,Others,Others
"A self-driving truck startup wants Waymo, Cruise, and others to follow its lead on safety",img classtypeprimaryimage srchttpsikinjaimgcomimageuploadcfitq80w63695744c2614e6969decf943146d03ac7bjpg pselfdriving truck startup gatik thursday announced plans calls “ rigorous ” thirdparty review autonomous driving system wants others follow leadppa hrefhttpsqzcomgatikavselfdrivingtruckssafetywaymocruisetesla1851663459read moreap,Others,Others
Kamala Harris wants Medicare to help cover in-home eldercare. Here's how she plans to pay for it,img classtypeprimaryimage srchttpsikinjaimgcomimageuploadcfitq80w6368612b60ad2556daa27ff05e32ac4be69jpg pvice president kamala harris proposing expand medicare benefits home care services elders campaign says proposal funded savings generated harris ’ plans lowering government spending prescription drug pricesbr ppa hrefhttpsqzcomkamalaharriseldercarefundingmedicare1851667707read moreap,Others,Others
Two AI pioneers won the Nobel Prize for their work in machine learning,img classtypeprimaryimage srchttpsikinjaimgcomimageuploadcfitq80w636e04614969ced71971ea04833d265cc11jpg ptwo artificial intelligence pioneers awarded nobel prize work machine learning laid foundation current ai boomppa hrefhttpsqzcomaigeoffreyhintonjohnhopfieldmachinelearningnobel1851667556read moreap,Positive/Uplifting,Positive/Uplifting
Toyota is delaying plans to make electric cars in America,img classtypeprimaryimage srchttpsikinjaimgcomimageuploadcfitq80w63679e8703b26d7cf51de9bd4a119f0d820png pa classsc1out3640 dpmosf sc145m8ut0 lcffec jslink hrefhttpsjalopnikcomcarbuyingtoyotatoyotaa delaying production classsc1out3640 dpmosf sc145m8ut0 lcffec jslink hrefhttpsjalopnikcomtoyotaslashesitsalreadylowevtargets1851641641first usmade electric vehicle 2026a earliest still says ’ going sell many seven allelectric vehicles within next two years ’ going interesting see actually happens classsc1out3640 dpmosf sc145m8ut0 lcffec jslink hrefhttpsjalopnikcomditchingevsforhybridsisalreadypayingoffforauto1851640422ev market unpredictablea as…ppa hrefhttpsqzcomtoyotalevselectriccarshybridsusproduction1851667677read moreap,Others,Others
Bitcoin creator Satoshi Nakamoto unmasked: Will HBO reveal who really made the cryptocurrency?,img classtypeprimaryimage srchttpsikinjaimgcomimageuploadcfitq80w6366a363a034e712602ee791f42e5a75cbbjpg phbo ’ classsc1out3640 dpmosf sc145m8ut0 lcffec jslink hrefhttpsqzcomquotewbd relnoopener noreferrer targetblankwbda latest documentary “ classsc1out3640 dpmosf sc145m8ut0 lcffec jslink hrefhttpswwwhbocommoviesmoneyelectricthebitcoinmystery relnoopener noreferrer targetblankmoney electric bitcoin mysterya ” premiering tuesday classsc1out3640 dpmosf sc145m8ut0 lcffec jslink hrefhttpsqzcomhbodocumentarybitcoincreatorsatoshinakamoto1851666819gl1k9nmcwgamtu2mde5ndi5os4xnzi3nzixmzuzgav4qnjtt5l0mtcyodm5nzm1nc4zmi4xlje3mjgzotczodeumzmumc4w relnoopener noreferrer targetblankpromises delve one greatest enigmas digital age identity bitcoin ’ elusive creatora believed among richest enigmatic individuals planetbr ppa hrefhttpsqzcombitcoincreatorsatoshinakamotohbodocumentary1851667608read moreap,Others,Others
Even a grocery store is offering free streaming perks now,img classtypeprimaryimage srchttpsikinjaimgcomimageuploadcfitq80w636fba2ae1b42a767e45897a9872cd060cajpg pkroger classsc1out3640 dpmosf sc145m8ut0 lcffec jslink hrefhttpsqzcomquotekr relnoopener noreferrer targetblankkra nation ’ largest grocer helping cover customers ’ streaming subscriptionsbr ppa hrefhttpsqzcomkrogerdisneyplusmembershipstreaming1851667620read moreap,Others,Others
10 cities where low mortgage rates have homeowners locked in 'golden handcuffs',img classtypeprimaryimage srchttpsikinjaimgcomimageuploadcfitq80w636a7da16e68789dadee277991c3c0f5d7djpg pdespite signs classsc1out3640 dpmosf sc145m8ut0 lcffec jslink hrefhttpsqzcomhousingmarketmortgagerateslockineffectlistings1851632607rev1724771767980 relnoopener noreferrer targetblank “ lockin ” effect beginning fadea many homeowners snagged rockbottom mortgage rates pandemic still waiting rates fall making movebr ppa hrefhttpsqzcomhomeownersmortgageratesgoldenhandcuffslockin1851667517read moreap,Others,Others
Tesla's big robotaxi event might not even have real cars,img classtypeprimaryimage srchttpsikinjaimgcomimageuploadcfitq80w636b0d96357fc1c11f2f90813c8ba7bc07ejpg pa classsc1out3640 dpmosf sc145m8ut0 lcffec jslink hrefhttpsjalopnikcomteslacantevenmakefullselfdrivingworkinatunne1851634303teslaa big plans release classsc1out3640 dpmosf sc145m8ut0 lcffec jslink hrefhttpsjalopnikcomarobotaxiwontsolveteslasmountingissues1851473930companysaving robotaxia next week leveraging classsc1out3640 dpmosf sc145m8ut0 lcffec jslink hrefhttpsjalopnikcomevenelonmuskslawyersdontthinkautonomousteslas1851665228incredible advantage autonomous technologya classsc1out3640 dpmosf sc145m8ut0 lcffec jslink hrefhttpsjalopnikcomteslasfullselfdrivingtechisntjustaroundthec1851485259the company swears hasa order prevent classsc1out3640 dpmosf sc145m8ut0 lcffec jslink hrefhttpsjalopnikcomsiliconvalleytechbrosareoutontesla1851651247the whole house cards tumbling downa tesla faithful hoping see real life robotaxi might disappointed however new…ppa hrefhttpsqzcomteslarobotaxieventelonmuskselfdrivingcarsevs1851667564read moreap,Others,Others
SpaceX says it could launch Starship soon if the FAA lets it,img classtypeprimaryimage srchttpsikinjaimgcomimageuploadcfitq80w636e67c1a1babb5c373196357f7590990c8jpg pelon musk ’ spacex said could launch next test starship megarocket soon oct 13 — long gets regulatory approval federal aviation administration faappa hrefhttpsqzcomspacexstarshiprocketfifthlaunchtestelonmuskfaa1851667523read moreap,Others,Others
Uber will use ChatGPT to get more people to use EVs,img classtypeprimaryimage srchttpsikinjaimgcomimageuploadcfitq80w6362d6d7bca90e7c3b1a690761e879150bajpg puber classsc1out3640 dpmosf sc145m8ut0 lcffec jslink hrefhttpsqzcomquoteuber relnoopener noreferrer targetblankubera looking encourage users drivers opt electric vehiclesbr ppa hrefhttpsqzcomubergreenelectricvehiclesevsaiassistant1851667513read moreap,Others,Others
"Everything to know about Nvidia, from the stock to its AI chips",img classtypeprimaryimage srchttpsikinjaimgcomimageuploadcfitq80w636e989a78d92952961ce408539c230caf9jpg pa classsc1out3640 dpmosf sc145m8ut0 lcffec jslink hrefhttpsqzcomnvidiahistoryoriginaichipjensenhuang1851372906 relnoopener noreferrer targetblanknvidiaa emerged one hottest classsc1out3640 dpmosf sc145m8ut0 lcffec jslink hrefhttpsqzcomaiartificialintelligenceglossaryvocabularyterms1851422473 relnoopener noreferrer targetblankartificial intelligencea stocks market 31yearold company ’ meteoric rise largely due classsc1out3640 dpmosf sc145m8ut0 lcffec jslink hrefhttpsqzcomaistocksdotcombubblenvidiagooglemicrosoftamazon1851407019 relnoopener noreferrer targetblankthe recent ai booma revealed unexpected potential core product graphics processing units gpus ai developmentbr ppa hrefhttpsqzcomnvidiastockaichipsmarketcap1851647728read moreap,Others,Others
Why are the world's wealthiest families flocking to family offices?,img classtypeprimaryimage srchttpsikinjaimgcomimageuploadcfitq80w636125a249558f2ae52fe8d92e668479a9djpg pthe wealthiest families world increasingly investing portfolios risk assets rather cash recent survey 338 family offices revealedbr ppa hrefhttpsqzcomwhyworldwealthiestfamiliesflockingfamilyoffices1851665724read moreap,Others,Others
The top 10 mental health apps to try on World Mental Health Day,img classtypeprimaryimage srchttpsikinjaimgcomimageuploadcfitq80w636963bf2891df7c3e19106b56cec7c8c98jpg pin honor world mental health day october 10 national depression mental health screening month ’ highlighting apps aiming assist millions people seeking improve mental health 2019 estimated classsc1out3640 dpmosf sc145m8ut0 lcffec jslink hrefhttpswwwwhointpublicationsiitem9789240049338 relnoopener noreferrer targetblank970 million peoplea worldwide living mental disorder according the…ppa hrefhttpsqzcomcalmfinchworldmentalhealthdayapps1851666018read moreap,Others,Others
Costco's gold bars are selling out fast,img classtypeprimaryimage srchttpsikinjaimgcomimageuploadcfitq80w636eea1067b4d236d6ea531b3add498e85ejpg pin striking display classsc1out3640 dpmosf sc145m8ut0 lcffec jslink hrefhttpsqzcomcostcoplatinumbarsgoldandsilverretailconsumers1851663436 relnoopener noreferrer targetblankshiftinga consumer behavior costco classsc1out3640 dpmosf sc145m8ut0 lcffec jslink hrefhttpsqzcomquotecost relnoopener noreferrer targetblankcosta wholesale gold bars disappearing shelves faster restocked ppa hrefhttpsqzcomcostcogoldbarsmetalsilverplatinumretailconsumer1851667327read moreap,Others,Others
FTX shareholders could get $1 billion after crypto firm is cleared to fully repay customers,img classtypeprimaryimage srchttpsikinjaimgcomimageuploadcfitq80w636a0da3871c4dbf126245cc0ae4a47b7bdjpg pa judge reportedly approved payments customers collapsed crypto exchange ftx — shareholders could get 1 billion seized assets ppa hrefhttpsqzcomftxshareholdersbillionseizedcryptoexchangesbf1851667188read moreap,Others,Others
"Christine McVie’s Fleetwood Mac scrapbook, Dianne Feinstein’s books, and an iconic Marilyn Monroe portrait: this week’s auction block roundup",img classtypeprimaryimage srchttpsikinjaimgcomimageuploadcfitq80w636b08a23f0ad44536bd2d771ef878965b7jpg peach week quartz highlights upcoming ongoing sales auction houses across world among items available works art historical artifacts pop culture memorabilia collectors ’ want miss objects go millions others simultaneously affordable and…ppa hrefhttpsqzcomthisweeksauctionblockroundup1851667217read moreap,Others,Others
McDonald's is suing Tyson Foods for allegedly choking the beef supply chain to raise prices,img classtypeprimaryimage srchttpsikinjaimgcomimageuploadcfitq80w636c05075daf60d07669013f7602b944647jpg pa classsc1out3640 dpmosf sc145m8ut0 lcffec jslink hrefhttpsqzcommcdonaldschickenbigmacretailconsumers1851664859 relnoopener noreferrer targetblankmcdonald ’ sa filed classsc1out3640 dpmosf sc145m8ut0 lcffec jslink hrefhttpsfingfxthomsonreuterscomgfxlegaldocsjnvwjeeakpwmcdonalds20v20cargill2020edny202020241004pdf relnoopener noreferrer targetblanklawsuita tyson foods classsc1out3640 dpmosf sc145m8ut0 lcffec jslink hrefhttpsqzcomquotetsn relnoopener noreferrer targetblanktsna jbs major meat processing companies accusing colluding years limit beef suppliesbr ppa hrefhttpsqzcommcdonaldssuestysonfoodsjbscargillbeefsupply1851667117read moreap,Others,Natural Disasters
Donald Trump's plans would cut taxes on the richest 5% of America — and raise them for everyone else,img classtypeprimaryimage srchttpsikinjaimgcomimageuploadcfitq80w636003c6e4fa140321f294be54cd74a46d5jpg pformer president donald trump promised slash — scrap — lot taxes plans hike tariffs imports would “ offset ” tax cuts richest 5 americans according classsc1out3640 dpmosf sc145m8ut0 lcffec jslink hrefhttpsiteporgadistributionalanalysisofdonaldtrumpstaxplan2024 relnoopener noreferrer targetblanknew analysisa ppa hrefhttpsqzcomdonaldtrumptaxcutswealthiestamericanstarrifs1851667005read moreap,Others,Others
Super Micro Computer stock surges 15% on big AI demand,img classtypeprimaryimage srchttpsikinjaimgcomimageuploadcfitq80w636b0757900a5910da0c80f614a0b1b05dbjpg pserver company super micro computer classsc1out3640 dpmosf sc145m8ut0 lcffec jslink hrefhttpsqzcomquotesmci relnoopener noreferrer targetblanksmcia unveiled new liquid cooling solution ai data centers monday also revealing ’ shipping 100000 graphics processing units gpus quarterly — news sent stock climbing 15 midday tradingppa hrefhttpsqzcomsupermicrocomputerstocksharessurgeaidemandgpu1851667019read moreap,Others,Others
A hot meal on a transatlantic JetBlue flight will now cost extra,img classtypeprimaryimage srchttpsikinjaimgcomimageuploadcfitq80w6364d23d5624d6070712e3d63ca64bc48a1jpg pjetblue making big change transatlantic flight offerings cnn classsc1out3640 dpmosf sc145m8ut0 lcffec jslink hrefhttpsqzcomquotewbd relnoopener noreferrer targetblankwbda reports company ’ “ core ” fares flying europe uk classsc1out3640 dpmosf sc145m8ut0 lcffec jslink hrefhttpswwwcnncom20241007traveljetbluedropshotmealseconomypassengersindexhtml relnoopener noreferrer targetblankno longer comea hot mealsppa hrefhttpsqzcomjetbluetransatlantichotfoodcut1851667000read moreap,Others,Others
EV chargers that feel more like a gas station are coming,img classtypeprimaryimage srchttpsikinjaimgcomimageuploadcfitq80w636d58fbe47c8ba02fee3d888b4ff0d6805png pone major key ev adoption creating comprehensive charging network classsc1out3640 dpmosf sc145m8ut0 lcffec jslink hrefhttpsjalopnikcomevchargingshouldbesomucheasier1850784127gl1169sb8cgamtm0ndq4oda2my4xnziymzc4nde0gav4qnjtt5l0mtcyodmwmtq1ny4xmtgums4xnzi4mza1njk0lju3ljaumaconvenienta classsc1out3640 dpmosf sc145m8ut0 lcffec jslink hrefhttpsjalopnikcomnonteslaevsarehavingahardtimeusingsupercharger1851662200gl1169sb8cgamtm0ndq4oda2my4xnziymzc4nde0gav4qnjtt5l0mtcyodmwmtq1ny4xmtgums4xnzi4mza1njk0lju3ljaumaappealinga one company making valiant attempt new gas stationlike ev chargers ppa hrefhttpsqzcomroveevchargergasstationcalifornia1851667059read moreap,Others,Others
Bankrupt EV startup Fisker left its abandoned headquarters in 'complete disarray',img classtypeprimaryimage srchttpsikinjaimgcomimageuploadcfitq80w6361b6194a6700ba7915bcebc87bf5f1507png pa classsc1out3640 dpmosf sc145m8ut0 lcffec jslink hrefhttpsjalopnikcomfiskerisdeadbutitslegaltroublesarejustbeginnin1851666516fisker ’ seem anything righta – includes closing shop apparently classsc1out3640 dpmosf sc145m8ut0 lcffec jslink hrefhttpsjalopnikcomfiskerresortstofixingcustomercarswithpreproducti1851454868gl11un33regamti1ntuyody0os4xnjgzodi2ntizgav4qnjtt5l0mtcyodmxotm1oc4xmzmums4xnzi4mze5ntu3ljq5ljaumala palma california headquartersa classsc1out3640 dpmosf sc145m8ut0 lcffec jslink hrefhttpsjalopnikcomcomedyoferrorsledtofiskersbankruptcy1851550234the nowdead automakera abandoned left “ complete disarray ” fullsize classsc1out3640 dpmosf sc145m8ut0 lcffec jslink hrefhttpsjalopnikcomgmclaysculptorbuystheshittiestcarinthejunkyard1844575033clay modelsa automotive equipment classsc1out3640 dpmosf sc145m8ut0 lcffec jslink hrefhttpsjalopnikcomrealworldsolidstatebatteriesarehereanditsblowi1851595209ev batteries aand hazardous waste left behindppa hrefhttpsqzcomfiskerbankruptcyevsheadquarterslawsuit1851667041read moreap,Others,Others
A Frontier Airlines flight trailed flames as it landed,video loop posterhttpsikinjaimgcomimageuploadcfitq80w63676a04059b0e2d273d3844bf96c600130jpgsource srchttpsikinjaimgcomimageuploadcfitq80w63676a04059b0e2d273d3844bf96c600130mp4 typevideomp4 videopclapping flight lands may fading tradition ’ fully deserved days passengers classsc1out3640 dpmosf sc145m8ut0 lcffec jslink hrefhttpsjalopnikcomfrontierlaunches149monthlyunlimitedflightpasswi1850696796a frontier airlines flighta certainly reason applause saturday flight san diego trailed flames landing gear landing classsc1out3640 dpmosf sc145m8ut0 lcffec jslink hrefhttpsjalopnikcompassengerthreatenedtobombvegasairportbecausehec1851647377harry reid international airporta las vegas all…ppa hrefhttpsqzcomfrontierairlinesflightflameslandlasvegasairbus1851667033read moreap,Terrorism / protest / political unrest / riot,Others
"A classic Hamptons home, cliffside Beverly Hills bungalow and mansion-sized Manhattan townhouse: This week’s real estate roundup",img classtypeprimaryimage srchttpsikinjaimgcomimageuploadcfitq80w6365c7b422cd1d4376df2c5bd5cab800146jpg peach week quartz highlights luxurious real estate listings across country properties feature remarkable views enviable locations lavish amenities — ’ market right check best homes available upcoming open housesbr ppa hrefhttpsqzcommostfabulousrealestatelistingsoct20241851666947read moreap,Others,Others
Trump Media stock spikes 15% after Elon Musk came to a campaign rally,img classtypeprimaryimage srchttpsikinjaimgcomimageuploadcfitq80w636c44a202c802d764879de499d29565f49jpg pa classsc1out3640 dpmosf sc145m8ut0 lcffec jslink hrefhttpsqzcomtrumpmediadjtstockchartmarketcaptruthsocial1851430157gl11gzgwnigamty1njqymdgwnc4xnzixmdcwotuygav4qnjtt5l0mtcyodmxotg5ms4yntkumc4xnzi4mze5odkzlju4ljauma relnoopener noreferrer targetblanktrump media technology groupa stock spiked 15 monday tesla classsc1out3640 dpmosf sc145m8ut0 lcffec jslink hrefhttpsqzcomquotetsla relnoopener noreferrer targetblanktslaa spacex chief elon musk classsc1out3640 dpmosf sc145m8ut0 lcffec jslink hrefhttpswwwpoliticocomnews20241005elonmusktrumpbutlerrally00182615 relnoopener noreferrer targetblankappeared next former president donald trumpa campaign rally saturdaybr ppa hrefhttpsqzcomtrumpmediadjtelonmuskcampaignrallybutler1851666928read moreap,Others,Others
Panera Bread settled a Charged Lemonade lawsuit after a student's death,img classtypeprimaryimage srchttpsikinjaimgcomimageuploadcfitq80w636e73238ef5af36a137eb5afbe7f22b301jpg ppanera bread reached agreement family ivy league student tragically passed away consuming classsc1out3640 dpmosf sc145m8ut0 lcffec jslink hrefhttpsqzcompanerachargeduplemonadelawsuits1851461401gl1mfrlcdgamtkzntuxmdgwmy4xnzi0mjq2nji3gav4qnjtt5l0mtcyodmxmdqzms44ns4xlje3mjgzmtgxndaunjaumc4w relnoopener noreferrer targetblanknowdiscontinued charged lemonadea first classsc1out3640 dpmosf sc145m8ut0 lcffec jslink hrefhttpswwwnbcnewscomnewsusnewspanerasettlesfirstplaintiffchargedlemonadewrongfuldeathsuitsrcna174244 relnoopener noreferrer targetblankreporteda nbc news classsc1out3640 dpmosf sc145m8ut0 lcffec jslink hrefhttpsqzcomquotecmcsa relnoopener noreferrer targetblankcmcsaa ppa hrefhttpsqzcompanerasettleslawsuitdeathchargedlemonade1851666844read moreap,Others,Others
Tesla Cybertrucks are still being insured by Geico — despite claims otherwise,img classtypeprimaryimage srchttpsikinjaimgcomimageuploadcfitq80w6369846be04a6b746c04929a59b9eaa597djpg pgeico classsc1out3640 dpmosf sc145m8ut0 lcffec jslink hrefhttpsqzcomquotebrka relnoopener noreferrer targetblankbrkaa monday denied stopped underwriting tesla ’ classsc1out3640 dpmosf sc145m8ut0 lcffec jslink hrefhttpsqzcomquotetsla relnoopener noreferrer targetblanktslaa cybertruck electric pickups claims circulated social media classsc1out3640 dpmosf sc145m8ut0 lcffec jslink hrefhttpswwwcybertruckownersclubcomforumthreadsgeicocancellingallcybertruckinsurancepolicieswhat24927 relnoopener noreferrer targetblankenthusiast forumsappa hrefhttpsqzcomteslacybertruckgeicoinsuranceevselonmusk1851666695read moreap,Others,Others
Boeing is restarting talks to end a strike some compare to an economic Hurricane Helene,img classtypeprimaryimage srchttpsikinjaimgcomimageuploadcfitq80w636d87cb7e4a4775685ef265d4b4f06a837jpg pboeing classsc1out3640 dpmosf sc145m8ut0 lcffec jslink hrefhttpsqzcomquoteba relnoopener noreferrer targetblankbaa back table machinists classsc1out3640 dpmosf sc145m8ut0 lcffec jslink hrefhttpsqzcomboeingmachinisunionlaborstrikecontractwages1851647608 relnoopener noreferrer targetblankhave strikea three weeks economy observers comparing work stoppage ’ impact hurricane heleneppa hrefhttpsqzcomboeingstrikenegotiationsactofgod1851666732read moreap,Natural Disasters,Natural Disasters
Who really created Bitcoin? A new HBO documentary claims it has the answer,img classtypeprimaryimage srchttpsikinjaimgcomimageuploadcfitq80w63624a7fc9a9e3fa9eac8b8381fae5cb121jpg pa classsc1out3640 dpmosf sc145m8ut0 lcffec jslink hrefhttpswwwhbocommoviesmoneyelectricthebitcoinmystery relnoopener noreferrer targetblank “ money electric bitcoin mystery ” new documentary hbo classsc1out3640 dpmosf sc145m8ut0 lcffec jslink hrefhttpsqzcomquotewbd relnoopener noreferrer targetblankwbda debuting tuesday promises unmask one richest mysterious figures planet creator classsc1out3640 dpmosf sc145m8ut0 lcffec jslink hrefhttpsqzcombitcoinetheretfsolanaxrpsec1851664387 relnoopener noreferrer targetblankbitcoina ppa hrefhttpsqzcomhbodocumentarybitcoincreatorsatoshinakamoto1851666819read moreap,Others,Others
Martin Shkreli can't escape his $64 million fine,img classtypeprimaryimage srchttpsikinjaimgcomimageuploadcfitq80w636b0e9f120d2b5ffca2843f12513c320e6jpg pthe us supreme court decided monday take martin shkreli ’ appeal 646 million penalty received raising price lifesaving drug 4000 time pharma ceobr ppa hrefhttpsqzcomsupremecourtmartinshkrelifine1851666753read moreap,Others,Others
Red Lobster's new CEO admits it: 'Endless Shrimp' was a disaster,img classtypeprimaryimage srchttpsikinjaimgcomimageuploadcfitq80w636a32342112a9412fc3a28da54536488c1jpg pred lobster ’ new ceo damola adamolekun boldly declared “ endless shrimp ” promotion failure citing significant strain restaurant ’ operationsbr ppa hrefhttpsqzcomredlobsterceoendlessshrimpdisaster1851666647read moreap,Natural Disasters,Others
Fisker is dead. But its legal problems are very much alive,img classtypeprimaryimage srchttpsikinjaimgcomimageuploadcfitq80w6365b0864996a408a33512354c4299d853dpng pa classsc1out3640 dpmosf sc145m8ut0 lcffec jslink hrefhttpsjalopnikcomfiskeroceanownersarenolongermaroonedasnewservi1851659156sure fisker deada buta classsc1out3640 dpmosf sc145m8ut0 lcffec jslink hrefhttpsjalopnikcomfiskerisdeadandhereswhy1851546063 legal problems ’ goinga away anytime soon troubled automaker facing multiple subpoenas classsc1out3640 dpmosf sc145m8ut0 lcffec jslink hrefhttpsjalopnikcomcomedyoferrorsledtofiskersbankruptcy1851550234securities exchange commissiona filing bankruptcy protection back june burned much cash trying ramp classsc1out3640 dpmosf sc145m8ut0 lcffec jslink hrefhttpsjalopnikcomthisbrickedfiskeroceanonlyneededa100parttoru1851653918ocean eva productionbr ppa hrefhttpsqzcomfiskerbankruptcysecsubpoenalegaltroublesevs1851666707read moreap,Others,Others
"Donald Trump would balloon the federal debt by twice as much as Kamala Harris, report says",img classtypeprimaryimage srchttpsikinjaimgcomimageuploadcfitq80w63670bb85f239d4315025d3266bd8e9c0f8jpg pregardless whether former president donald trump vice president kamala harris becomes next president united states ’ least one clear loser — deficit hawks ppa hrefhttpsqzcomdonaldtrumpkamalaharrisfederaldebtcrfb1851666579read moreap,Others,Others
"FTX token, Sui, Aptos, Popcat, and more: Cryptocurrencies to watch this week",img classtypeprimaryimage srchttpsikinjaimgcomimageuploadcfitq80w63621216b4e9d998690a33858235e380faejpg pthe crypto market closely tracking stock market ’ movements reflecting broader economic trends surge friday spurred strong jobs report cryptocurrencies saw downturn monday morning escalating tensions middle east weighed investor sentiment however nvidia ’ classsc1out3640 dpmosf sc145m8ut0 lcffec jslink hrefhttpsqzcomquotenvda relnoopener noreferrer targetblanknvdaa ai summit…ppa hrefhttpsqzcomftxtokensuiaptospopcatcryptocurrenciestowatch1851666642read moreap,Others,Others
"Arizona begins in-person and absentee voting, here's what you need to know",arizona kicks 2024 election early voting absentee voting wednesday,Others,Others
"Biden-Harris admin ‘taking advice from foreign governments’ on policing speech, lawmaker charges",senior bidenharris administration officials gained advice uk officials partnering social media platforms police quotdisinformationquot content documents reveal,Others,Others
Georgia Dems chair reveals message to undecided GOP voters as Harris works to build broad base,rep nikema williams chairwoman georgia democratic party spoke fox news digital 2024 presidential race,Others,Others
Trump-backed House candidate rips Biden's 'joke' border policy for inviting gang violence to swing state,fox news digital spoke az gop congressional candidate abe hamadeh gop chairwoman gina swoboda warned transnational gangs coming across border,Others,Others
"From kissy-face sitdown on ‘The View’ to a tougher grilling on ‘60 Minutes,’ Kamala Harris is making news",mainstream leftist media given presidential hopeful kamala harris lot air time past weeks interviews may resemble cheerleading,Others,Others
"Tim Walz calls for elimination of Electoral College at California fundraiser, says 'it needs to go'",minnesota gov tim walz said electoral college abolished favor national popular vote fundraiser california,Others,Others
Israel’s Minister of Defense cancels visit to Pentagon amid Middle East conflict escalation,israeli minister defense yoav gallant canceled visit pentagon scheduled wednesday amid rising tensions middle east israel hamas,Others,Others
'Abandon Harris' group endorses Jill Stein over 'pro-genocide candidate' Kamala Harris,abandon harris campaign endorsed green party candidate jill stein 2024 presidential election campaign accuses kamala harris supporting genocide,Others,Others
US officials reveal fate of nabbed Tajikistan illegal immigrants with alleged ISIS ties,eight tajikistan nationals alleged ties isis process deported us officials confirmed fox news digital tuesday,Others,Others
Fox News Politics: Harris on '60 minutes': Joe 2.0?,latest updates 2024 campaign trail exclusive interviews fox news politics content,Others,Others
Biden undermines Harris claim that Ron DeSantis is politicizing hurricane response: 'Doing a great job',president joe biden praised gop florida gov ron desantis quotcooperativequot quotgreat jobquot response hurricanes helene milton despite vice president kamala harris slamming desantis quotplaying political gamesquot,Natural Disasters,Natural Disasters
Supreme Court signals support for Biden administration regulation of 'ghost gun' kits,supreme court signals support biden administration regulation quotghost gunquot readytoassemble kits garland v vanderstok 23852 ruling expected summer 2025,Others,Others
"Reporter's Notebook: With no government shutdown, it feels like Christmas in September",spending bill funds government october november christmas setting another showdown christmas eve,Others,Others
Prospects of a deal with Israel fade away as Saudis invite Iranian foreign minister to visit,israelsaudi normalization deal seemingly evaporated iran ’ foreign minister visits kingdom tuesday discuss efforts halt tel aviv ’ incursions gaza lebanon,Others,Others
Early voting means 'election season' has already begun,early voting expected begin eligible americans last two election cycles indication many already voted election day,Others,Others
Overseas meth sent to US election building shuts down office for hours,dutchess county board elections office shut hours monday suspicious package europe containing crystal meth according press release,Others,Others
Kamala Harris' tough words on Iran confounds critics,vice president kamala harris harsh words iran interview monday evening said regime america ’ biggest foe,Others,Others
New poll shows Harris taking a slim lead over Trump thanks to support from a surprising group,poll indicates increased support republicans helping fuel vice president kamala harris 4 weeks go election day white house showdown former president trump,Others,Others
North Carolina residents will see changes to early voting after Hurricane Helene,north carolina elections board passed resolution adjust voting rules thirteen swing state counties following hurricane helene,Natural Disasters,Others
New poll reveals which voter group are fueling Trump to a narrow edge over Harris in battleground,former president donald trump holds razorthin twopoint edge vice president kamala harris battleground arizona according new public opinion poll,Others,Others
Texas AG demands Biden-Harris admin help verify citizenship of nearly 500K registered voters,texas attorney general written bidenhar­ris administration urging provide information nearly half million people citizenship verified,Others,Others
SEE IT: Wisconsin dairy farmer says 'no question' Trump admin was 'much better' than Biden-Harris,waukesha county dairy farmer tom oberhaus explained heaposs choosing trump 2024 inflation hurt agriculture industry,Others,Others
Biden cancels overseas trip as Milton bears down on Florida; DeSantis tells VP 'it's not about you Kamala',president biden cancels international trip oversee federal storm preparations response efforts vice president kamala harris gov ron desantis trade fire hurricane milton nears florida,Natural Disasters,Natural Disasters
Mayorkas rips 'politicized' atmosphere over FEMA disaster response amid GOP criticism: 'It sows distrust',homeland security secretary alejandro mayorkas pushing back says disinformation agencyaposs response disaster caused hurricane helene,Natural Disasters,Natural Disasters
Hispanic voters rail against 'dishonest' Biden-Harris border record as poll shows Trump gaining in key states,hispanic trump supporters spoke fox news digital nevada railed bidenharris border policies said hispanic voters moving toward trump,Others,Others
Xi Jinping celebrates China’s rising power — and his own,president xi jinping opened china ’ twiceper decade communist party congress wednesday hailing reforms put place first fiveyear term sharing vision hopes take nation william brangham reports congress prepares announce xi ’ successor new leadership may transform china ’ role global economic partner,Positive/Uplifting,Positive/Uplifting
"The battle for Mosul is over, but this hidden ISIS danger could lurk for years",iraq may ousted islamic states militants city mosul summer major task finding destroying mines booby traps bombs remains security firm hired us iraqi workers making progress clear major areas could take years even decades special correspondent marcia biggs reports safety mosul isis,Terrorism / protest / political unrest / riot,Terrorism / protest / political unrest / riot
"As Rohingya refugees continue to flee from persecution, here’s how you can help",500000 rohingya muslims fled homes since august escape systematic violence hands government soldiers myanmar heres help,Terrorism / protest / political unrest / riot,Terrorism / protest / political unrest / riot
Tillerson: ‘Heartbreaking’ reports of suffering in Myanmar,washington — secretary state rex tillerson condemning reported atrocities committed rohingya muslims myanmar says responsible — perhaps countrys military — held accountable,Others,Others
Far-right groups gain ground in Sweden and Germany amid migrant influx,sunday ’ election austria brought victory 31yearold sebastian kurz elected chancellor antiimmigrant platform earlier strengthened farright party dealt blow returning leader angela merkel germany ’ election sweden ’ election approaches next year special correspondent michael brabant surveys changing political landscape europe,Others,Others
U.S.-backed Syrian forces recapture Raqqa from Islamic State group,usbacked syrian democratic forces announced tuesday captured city raqqa islamic state militants,Others,Others
WATCH: Trump and Greek prime minister hold joint news conference,president donald trump says us stands greece recover economic crisis,Others,Others
"U.S., Japan agree to maximize diplomatic pressure on North Korea",tokyo — us japanese diplomats agreed tuesday maximize pressure north korea resolve tensions nuclear program citing need prepared worst diplomacy fails,Others,Others
News Wrap: Dozens missing after deadly Mogadishu truck bombing,news wrap monday 300 people confirmed dead nearly 400 wounded saturday ’ massive truck bombing somalia ’ capital mogadishu government blamed alqaidalinked group alshabab also 31yearold conservative sebastian kurz set become austria ’ next leader another shift right european politics,Terrorism / protest / political unrest / riot,Terrorism / protest / political unrest / riot
Why a power struggle has broken out over Kirkuk,two vital american allies reignited rivalry iraq months simmering tensions national military forces militia moved push kurdish forces disputed city kirkuk three weeks ago kurds held referendum split iraq lisa desjardins reports judy woodruff talks emma sky yale university feisal istrabadi indiana university,Others,Others
Rex Tillerson says continue diplomacy with North Korea ‘until first bomb drops’,statement comes despite president donald trumps tweets couple weeks ago chief envoy wasting time trying negotiate little rocket man mocking nickname trump given nucleararmed nations leader kim jong un,Others,Others
"Iraqi, Kurdish forces in standoff, weeks after Kurdish vote for independence",iraqi army kurdish troops standoff kirkuk city located kurdistan region voted independence iraq last month kirkuk holds 10 percent iraq ’ oil reserves washington post reporter loveday morris covering standoff joins hari sreenivasan via skype baghdad,Others,Others
South Sudan civil war causes Africa’s worst refugee crisis,south sudan ’ fouryear civil war left half nation ’ population 6 million people need humanitarian aid caused one world ’ worst refugee crises support us holocaust memorial museum ’ center prevention genocide newshour weekend special correspondent simona foltyn journalist jason patinkin traveled uganda meet people desperate asylum,Others,Others
Hundreds dead after massive truck bomb strikes Mogadishu,least 231 people killed hundreds wounded massive truck bomb saturday struck somalias capital city mogadishu,Terrorism / protest / political unrest / riot,Terrorism / protest / political unrest / riot
Column: Why reporting from South Sudan is so difficult — and critically needed,war devastating impact south sudanese communities much remained limelight international media,Others,Others
Kashmir and Haryana prove India exit polls wrong,indias ruling bjp appears course hold haryana state heading defeat kashmir,Others,Others
'Our son died. Now we can use his sperm to have a grandchild',indian court cleared way couple use dead sons frozen sperm,Others,Others
Indian financial aid opens 'new chapter' with Maldives,deal comes maldives president visits delhi relations nosedived recent months,Others,Others
Why are there so many dropped catches at T20 World Cup?,bbc sport looks significant number dropped catches womens t20 world cup far possible explanations,Others,Others
Climbers rescued after three days in the Himalayas,british climber went missing himalayas spoken relief surviving two days brutal conditions put life danger,Others,Others
India government says criminalising marital rape 'excessively harsh',government opposed petitions countrys top court seek criminalisation marital rape,Others,Others
Maldives president visits India amid trouble in tourist paradise,president muizzu visiting india time country staring economic crisis,Others,Others
The Polish artist who painted Hindu gods in Indian palaces,stefan norblin painted beautiful murals art deco style indian maharajas 1940s,Others,Others
How India became a Test cricket powerhouse,90 years first test match india boasts victories format losses,Others,Others
India's iconic tramcars set to ride into Kolkata sunset,kolkatas iconic trams danger shut entirely activists fighting back,Others,Others
"My mission is to take Tamil music global, says Sid Sriram",indianborn americanraised artist going perform biggest solo uk show,Others,Others
India's top court saves a poor student's college dream,atul kumar missed deadline pay college fee seconds court stepped help,Others,Others
The 'mastermind' behind India's biggest jailbreak,nearly 20 years ago 389 men escaped indian jail led man believed planned breakout,Others,Others
The world’s diamond polishing capital feels Ukraine war impact,wars recession key western markets left indias diamond industry workers distraught jobless,Others,Others
"Sold out in minutes, resold for millions: Coldplay tickets spark outrage in India",coldplays concerts mumbai sold minutes resellers charging 10000 ticket,Others,Others
A famed holy sweet in an unsavoury row in India,famous tirupati temple laddus prized devotees consider god ’ blessing,Others,Others
Your essential guide to the ICC Women's T20 World Cup,womens t20 world cup united arab emirates starts 3 october heres everything need know ninth edition,Others,Others
The Kashmiri politician whose return from jail ruffled feathers,court allowed jailed lawmaker engineer rashid return kashmir campaign regional polls,Others,Others
Death of Indian employee sparks debate on 'toxic work culture',anna perayils parents allege died four months starting job overwhelming work stress,Others,Others
Tigers and crocs make mangrove preservation tough work,help preserve mangrove forests researchers take demanding field work,Others,Others
How Punjabi megastar Diljit Dosanjh is inspiring the next gen,biggest punjabi singer world brings dilluminati tour uk,Others,Others
Hema committee report: Why are India's biggest film stars silent?,stars ’ silence report exposing poor working conditions sexual harassment kerala ’ film industry deafening say critics,Others,Others
"Volunteers dying as Russia’s war dead tops 70,000",governments india nepal called moscow stop sending citizens ukraine repatriate bodies dead,Others,Others
Why hundreds of Samsung workers are protesting in India,1500 workers tamil nadu state striking work past 11 days,Others,Others
'Please save me': The Indians duped into fighting for Russia,dozens indian men discharged russian army making way home,Others,Others
"After a decade, Kashmir votes in historic elections",first assembly election since pm modis government revoked kashmirs special status 2019,Others,Others
The German woman who helped build an Indian university,gerda philipsborn left home germany help three indian friends set jamia millia islamia,Others,Others
India's oldest trams may soon be brought to a halt,authorities eastern city kolkata announced plans discontinue iconic trams first set 1873,Others,Others
Kolkata night protest: 'Today I witnessed history',young woman among thousands took part march indias west bengal saw,Others,Others
Watch: Thousands of women protest about rape and murder of doctor in India,women led march west bengal state female doctors brutal rape murder last week,Others,Others
Watch: Building collapses into river in Himachal Pradesh,noone injured incident took place due heavy rainfall,Others,Others
"Watch: Blue screens, queues and airport delays worldwide",many flights grounded huge queues delays airports world,Others,Others
Lavish Ambani wedding divides opinions in India,noise around lavish wedding drawn public fascination ire,Others,Others
"Former PMs, film and sports stars join Ambani wedding",tony blair boris johnson among guests arrive wedding billionaires son,Others,Others
WATCH: Families mourn victims of deadly India crush,least 121 people mostly women killed crush religious event northern india,Others,Others
Watch: Delhi airport roof collapses due to heavy rain,incident left one person dead injured four others,Others,Others
What worked for India's Modi - and what didn’t?,indian prime minister narendra modi party seats years election,Others,Others
"Arrests, accusations and AI: India’s election unpacked",4 june indians find governs country next five years,Others,Others
